Source AI,Conversation ID,Conversation Title,Message ID,Timestamp,Role,Content,Word Count
ChatGPT,conv-001,Python Data Processing Help,msg-001,2024-01-15T10:30:00.000000,User,How can I efficiently process a large CSV file with pandas? I need to handle files over 1GB.,19
ChatGPT,conv-001,Python Data Processing Help,msg-002,2024-01-15T10:30:45.000000,Assistant,"For large CSV files over 1GB, here are several efficient approaches with pandas:

```python
import pandas as pd

# Method 1: Read in chunks
chunk_size = 10000
for chunk in pd.read_csv('large_file.csv', chunksize=chunk_size):
    # Process each chunk
    processed_chunk = chunk.groupby('column').sum()
    # Save or append results
```

This approach keeps memory usage low by processing the file in smaller pieces.",68
ChatGPT,conv-001,Python Data Processing Help,msg-003,2024-01-15T10:32:15.000000,User,What about using Dask? Is that better for this use case?,12
ChatGPT,conv-001,Python Data Processing Help,msg-004,2024-01-15T10:33:00.000000,Assistant,"Dask is excellent for this use case! It provides a pandas-like API but handles larger-than-memory datasets automatically:

```python
import dask.dataframe as dd

# Read the large CSV with Dask
df = dd.read_csv('large_file.csv')

# Operations are lazy until you call compute()
result = df.groupby('column').sum().compute()
```

Dask automatically partitions your data and can leverage multiple cores, making it often faster than chunked pandas for complex operations.",75
Claude,conv-002,Debugging React Component,msg-005,2024-01-16T14:20:00.000000,User,"I have a React component that's not re-rendering when state changes. Here's my code:

```jsx
function MyComponent() {
  const [items, setItems] = useState([]);
  
  const addItem = () => {
    items.push('new item');
    setItems(items);
  };
  
  return <div>{items.map(item => <p key={item}>{item}</p>)}</div>;
}
```

What's wrong?",65
Claude,conv-002,Debugging React Component,msg-006,2024-01-16T14:21:30.000000,Assistant,"The issue is that you're mutating the existing array instead of creating a new one. React uses reference equality to detect state changes, so when you push to the existing array, React doesn't know the state has changed.

Here's the fix:

```jsx
const addItem = () => {
  setItems([...items, 'new item']); // Create new array
  // or: setItems(prevItems => [...prevItems, 'new item']);
};
```

Always create new objects/arrays when updating state in React to ensure proper re-rendering.",89
ChatGPT,conv-003,Machine Learning Model Selection,msg-007,2024-01-17T09:15:00.000000,User,I'm working on a classification problem with 10000 samples and 50 features. Should I use Random Forest or XGBoost?,22
ChatGPT,conv-003,Machine Learning Model Selection,msg-008,2024-01-17T09:16:45.000000,Assistant,"Both are excellent choices for your dataset size. Here's how to decide:

**Random Forest:**
- More robust to hyperparameter settings
- Faster training and prediction
- Built-in feature importance
- Less prone to overfitting

**XGBoost:**
- Often achieves slightly better accuracy
- More hyperparameters to tune
- Better handling of missing values
- Slower but more optimized

For 10k samples with 50 features, start with Random Forest for quick results, then try XGBoost if you need that extra performance boost. The difference might be minimal for your dataset size.",97
Claude,conv-004,SQL Query Optimization,msg-009,2024-01-18T16:45:00.000000,User,"My SQL query is running very slowly:

SELECT u.name, COUNT(o.id) as order_count 
FROM users u 
LEFT JOIN orders o ON u.id = o.user_id 
WHERE u.created_at > '2023-01-01' 
GROUP BY u.id, u.name 
ORDER BY order_count DESC;

How can I optimize this?",52
Claude,conv-004,SQL Query Optimization,msg-010,2024-01-18T16:46:30.000000,Assistant,"Here are several optimization strategies for your query:

1. **Add indexes:**
```sql
CREATE INDEX idx_users_created_at ON users(created_at);
CREATE INDEX idx_orders_user_id ON orders(user_id);
```

2. **Consider a covering index:**
```sql
CREATE INDEX idx_users_composite ON users(created_at, id, name);
```

3. **Rewrite with EXISTS if you only need users with orders:**
```sql
SELECT u.name, COUNT(o.id) as order_count 
FROM users u 
JOIN orders o ON u.id = o.user_id 
WHERE u.created_at > '2023-01-01' 
GROUP BY u.id, u.name 
ORDER BY order_count DESC;
```

The most impact will come from the indexes on the join and filter columns.",126
Gemini,conv-005,JavaScript Async Patterns,msg-011,2024-01-19T11:30:00.000000,User,What's the difference between async/await and Promises? When should I use each?,13
Gemini,conv-005,JavaScript Async Patterns,msg-012,2024-01-19T11:31:15.000000,Assistant,"async/await and Promises solve the same problem but with different syntax:

**Promises:**
```javascript
fetchData()
  .then(result => processResult(result))
  .then(processed => saveData(processed))
  .catch(error => handleError(error));
```

**async/await:**
```javascript
try {
  const result = await fetchData();
  const processed = await processResult(result);
  await saveData(processed);
} catch (error) {
  handleError(error);
}
```

**When to use each:**
- Use async/await for cleaner, more readable code that looks synchronous
- Use Promises when you need to handle multiple concurrent operations with Promise.all() or Promise.race()
- Use Promises for functional programming patterns with chaining

async/await is generally preferred for most cases as it's easier to read and debug.",134